ID,Asset,Threat,Vulnerability,Likelihood (1-5),Impact (1-5),Inherent score,Existing controls,Residual score,Treatment,Owner,Linked control,Due date,Status
R-01,Patient Scheduling DB,Unauthorised access by external attacker,Weak or missing Multi-Factor Authentication on AWS IAM,4,5,20,Enforcement of AWS IAM MFA for all users,4,Mitigate,Head of Infrastructure,ISO A.5.17,2026-11-15,Open
R-02,AWS S3 Patient Data Buckets,Accidental public exposure of patient records,S3 bucket permissions misconfiguration,3,5,15,AWS S3 Block Public Access enabled & Checkov IaC scanning,3,Mitigate,Lead Cloud Engineer,ISO A.8.12,2026-11-30,Open
R-03,ML Triage Feature,Algorithmic bias leading to incorrect patient triage,Lack of model validation and data quality controls,3,4,12,ML testing framework & clinical oversight policy,6,Mitigate,Lead Data Scientist,ISO A.8.28,2026-12-01,Open
R-04,Employee Laptops,Data breach due to lost or stolen endpoint device,Unencrypted hard drives on remote staff laptops,4,4,16,Full disk encryption (BitLocker/FileVault) & MDM,4,Mitigate,IT Support Manager,ISO A.8.1,2026-11-01,Closed
R-05,Production SaaS Application,Ransomware or malware halting operations,Unpatched software vulnerabilities in packages,4,5,20,Automated vulnerability scanning (Trivy & Dependabot),6,Mitigate,Lead DevSecOps Engineer,ISO A.8.8,2026-11-20,Open
R-06,AWS Cloud Account,Privilege escalation & unauthorised resource deployment,Overly permissive IAM policies,3,4,12,IAM Least Privilege policy & CloudTrail audit logging,4,Mitigate,Head of Infrastructure,ISO A.5.15,2026-11-10,Open
R-07,Source Code Repository,Exposure of AWS secret keys or API tokens,Hardcoded secrets committed to GitHub,4,4,16,Gitleaks secret scanning enabled in CI/CD pipeline,4,Mitigate,Lead Developer,ISO A.8.9,2026-11-05,Closed
R-08,Third-Party SaaS Vendors,Data leak via compromised third-party vendor,Lack of formal Third-Party Risk Management (TPRM) reviews,3,4,12,Annual TPRM assessment & vendor security reviews,6,Mitigate,Information Security Manager,ISO A.5.19,2026-12-15,Open
R-09,Remote Work Staff,Phishing attack credential compromise,Lack of employee security awareness training,4,3,12,Quarterly phishing simulation & mandatory security training,4,Mitigate,HR / InfoSec Manager,ISO A.6.3,2026-11-25,Open
R-10,Production Database,Data loss from catastrophic AWS region outage,Missing automated database backups & disaster recovery plan,2,5,10,Automated multi-region S3/RDS backups & annual DR test,2,Accept,Head of Infrastructure,ISO A.8.14,2026-12-31,Open